PHYSICIAN,PSIC-1,Jack Sparrow,"44-1,College Lane, Hatfield, AL10 9AB","44-0223-456-7890","Physiotherapy,Osteopathy","Neural mobilisation,Acupuncture,Massage,Mobilisation of the spine and joints"
PHYSICIAN,PSIC-2,John Wick,"44-2,College Lane, Hatfield, AL10 9AB","44-0234-456-7890","Osteopathy,Rehabilitation","Massage,Mobilisation of the spine and joints,Pool rehabilitation"
PHYSICIAN,PSIC-3,Sherlock Holmes,"44-3,College Lane, Hatfield, AL10 9AB","44-0456-456-7890","Physiotherapy,Rehabilitation","Neural mobilisation,Acupuncture,Pool rehabilitation"
PHYSICIAN,PSIC-4,Ahmed Hassan,"44-4,College Lane, Hatfield, AL10 9AB","44-0789-456-7890","Physiotherapy,Osteopathy","Neural mobilisation,Acupuncture,Massage,Mobilisation of the spine and joints"
PHYSICIAN,PSIC-5,Oscar Zenke,"44-5,College Lane, Hatfield, AL10 9AB","44-0134-456-7890","Osteopathy,Rehabilitation","Massage,Mobilisation of the spine and joints,Pool rehabilitation"
PATIENT,PSIC-6,Ibrahim Bilal Gurhan,"103-1,College Lane, Hatfield, AL10 9AB","1-134-457-7890"
PATIENT,PSIC-7,Cristiano Ronaldo,"103-2,College Lane, Hatfield, AL10 9AB","44-0124-458-7890"
PATIENT,PSIC-8,Lionel Messi,"103-3,College Lane, Hatfield, AL10 9AB","44-0134-459-7890"
PATIENT,PSIC-9,Radamel Falcao,"103-4,College Lane, Hatfield, AL10 9AB","44-0134-555-7890"
PATIENT,PSIC-10,Wesley Sneijder,"103-5,College Lane, Hatfield, AL10 9AB","44-0134-556-7890"
PATIENT,PSIC-11,Didier Drogba,"103-6,College Lane, Hatfield, AL10 9AB","44-0134-557-7890"
PATIENT,PSIC-12,Rigobert Song,"103-7,College Lane, Hatfield, AL10 9AB","44-0134-558-7890"
PATIENT,PSIC-13,Fernando Muslera,"103-8,College Lane, Hatfield, AL10 9AB","44-0134-559-7890"
PATIENT,PSIC-14,Harry Kane,"103-9,College Lane, Hatfield, AL10 9AB","44-0134-600-7890"
PATIENT,PSIC-15,Jose Mourinho,"103-10,College Lane, Hatfield, AL10 9AB","44-0134-601-7890"
PATIENT,PSIC-16,Pep Guardiola,"103-11,College LaneTowers, Hatfield, AL10 9AB","44-0134-602-7890"
PATIENT,PSIC-17,Sadio Mane,"103-12,College Lane, Hatfield, AL10 9AB","44-0134-603-7890"
PATIENT,PSIC-18,Jurgen Klopp,"103-13,College Lane, Hatfield, AL10 9AB","44-0134-604-7890"
PATIENT,PSIC-19,Fatih Terim,"103-14,College Lane, Hatfield, AL10 9AB","44-0134-605-7890"
PATIENT,PSIC-20,Beto Ibo,"103-15,College Lane, Hatfield, AL10 9AB","44-0134-606-7890"